
DROP TABLE IF EXISTS `authors`;
CREATE TABLE IF NOT EXISTS `authors` (
  `id` bigint(20) UNSIGNED NOT NULL AUTO_INCREMENT,
  `firstname` varchar(30) COLLATE utf8_unicode_ci NOT NULL,
  `lastname` varchar(30) COLLATE utf8_unicode_ci NOT NULL,
  `email` varchar(30) COLLATE utf8_unicode_ci NOT NULL,
  `password` varchar(100) COLLATE utf8_unicode_ci NOT NULL,
  `level` int(5) NOT NULL,
  `avatar` varchar(255) COLLATE utf8_unicode_ci NOT NULL,
  PRIMARY KEY (`id`)
) ENGINE=InnoDB AUTO_INCREMENT=26 DEFAULT CHARSET=utf8 COLLATE=utf8_unicode_ci;

--
-- Déchargement des données de la table `authors`
--

INSERT INTO `authors` (`id`, `firstname`, `lastname`, `email`, `password`, `level`, `avatar`) VALUES
(18, 'Hortense', 'Cartier', 'hortense.melard@gmail.com', '555dfb29db24ee9198e50643d0364577', 1, 'img/uploaded_file/avatar/b43847290f99cdf34be533d65b6fdcc6.jpg'),
(19, 'Aurélien', 'Frois', 'aurelien.frois@gmail.com', '4a7d1ed414474e4033ac29ccb8653d9b', 1, 'img/uploaded_file/avatar/9da67b6f3c3ab4806fb66fa0d9932bbe.jpg'),
(24, 'Nicolas', 'Henault', 'indentator@gmail.com', '4a7d1ed414474e4033ac29ccb8653d9b', 1, 'img/uploaded_file/avatar/86329939e62eeba8cc308883a8116b47.jpg'),
(25, 'Joel', 'Robuchon', 'joel.robuchon@gmail.com', '4a7d1ed414474e4033ac29ccb8653d9b', 2, 'img/uploaded_file/avatar/6fc7e72b1493e71de60cd2e9c2b51b74.png');

-- --------------------------------------------------------

--
-- Structure de la table `categories`
--

DROP TABLE IF EXISTS `categories`;
CREATE TABLE IF NOT EXISTS `categories` (
  `id` bigint(20) UNSIGNED NOT NULL AUTO_INCREMENT,
  `name` varchar(30) CHARACTER SET utf8 NOT NULL,
  PRIMARY KEY (`id`)
) ENGINE=InnoDB AUTO_INCREMENT=7 DEFAULT CHARSET=utf8 COLLATE=utf8_unicode_ci;

--
-- Déchargement des données de la table `categories`
--

INSERT INTO `categories` (`id`, `name`) VALUES
(2, 'Cuisine asiatique'),
(3, 'Cuisine américaine'),
(4, 'Cuisine africaine'),
(5, 'Cuisine familiale');

-- --------------------------------------------------------

--
-- Structure de la table `comments`
--

DROP TABLE IF EXISTS `comments`;
CREATE TABLE IF NOT EXISTS `comments` (
  `id` bigint(20) UNSIGNED NOT NULL AUTO_INCREMENT,
  `created_comment_date` datetime(6) NOT NULL,
  `comment_content` longtext COLLATE utf8_unicode_ci NOT NULL,
  `id_post` bigint(20) NOT NULL,
  `id_author` bigint(20) NOT NULL,
  PRIMARY KEY (`id`),
  KEY `id_post` (`id_post`),
  KEY `id_author` (`id_author`)
) ENGINE=MyISAM AUTO_INCREMENT=49 DEFAULT CHARSET=utf8 COLLATE=utf8_unicode_ci;

--
-- Déchargement des données de la table `comments`
--

INSERT INTO `comments` (`id`, `created_comment_date`, `comment_content`, `id_post`, `id_author`) VALUES
(1, '2019-01-24 00:00:00.000000', 'Joli article ça me donne faim!!! Miam!', 7, 19),
(40, '2019-02-07 11:26:06.000000', '<p>blabla blablabal de m&eacute;m&eacute; et p&eacute;p&eacute;</p>', 22, 19),
(3, '2018-10-19 00:00:00.000000', 'Un article qui donne la patate!!!', 7, 18),
(4, '2019-02-06 00:00:00.000000', 'Elles sont belles!!!', 11, 18),
(5, '2019-02-06 15:28:03.000000', '<p>Encore un article &agrave; 2 patates</p>', 7, 19),
(6, '2019-02-06 15:30:13.000000', '<p>Pur&eacute;e, quel bel article!!!</p>', 7, 19),
(8, '2019-02-06 15:36:04.000000', '<p>C\'est bon les macarons!!!</p>', 10, 20),
(10, '2019-02-06 15:38:40.000000', '<p>Vive la p&acirc;tisserie</p>', 10, 20),
(11, '2019-02-06 15:39:53.000000', '<p>Vive la p&acirc;tisserie</p>', 10, 20),
(12, '2019-02-06 15:43:35.000000', '<p>coucou</p>', 11, 18),
(15, '2019-02-06 15:46:04.000000', '<p>Le saumon c\'est bon quand il est &agrave; bonne cuisson.</p>', 12, 17),
(16, '2019-02-06 15:57:17.000000', '<p>Le saumon c\'est bon quand il est &agrave; bonne cuisson.</p>', 12, 17),
(17, '2019-02-06 15:57:28.000000', '<p>coucou</p>', 12, 18),
(18, '2019-02-07 08:14:31.000000', '<p>En papillotte, c\'est super aussi.</p>', 12, 19),
(19, '2019-02-07 08:19:52.000000', '<p>En papillotte, c\'est super aussi.</p>', 12, 19),
(20, '2019-02-07 08:22:28.000000', '<p>En papillotte, c\'est super aussi.</p>', 12, 19),
(21, '2019-02-07 08:23:18.000000', '<p>En papillotte, c\'est super aussi.</p>', 12, 19),
(22, '2019-02-07 08:24:41.000000', '<p>En papillotte, c\'est super aussi.</p>', 12, 19),
(23, '2019-02-07 08:35:28.000000', '<p>En papillotte, c\'est super aussi.</p>', 12, 19),
(24, '2019-02-07 08:36:01.000000', '<p>En papillotte, c\'est super aussi.</p>', 12, 19),
(25, '2019-02-07 08:36:32.000000', '<p>En papillotte, c\'est super aussi.</p>', 12, 19),
(41, '2019-02-07 11:26:44.000000', '<p>bla blablalb</p>', 22, 19),
(42, '2019-02-07 11:27:49.000000', '<p>du pat&eacute; mardeuh</p>', 22, 19),
(43, '2019-02-07 11:28:51.000000', '<p>bla bla je fais des essais, je m\'</p>', 22, 19),
(44, '2019-02-07 11:29:07.000000', '<p>blabla j ai &eacute;t&eacute; coup&eacute;e dans mon &eacute;clan MERDEUH</p>', 22, 19),
(45, '2019-02-07 11:29:31.000000', '<p>blabla j ai &eacute;t&eacute; coup&eacute;e dans mon &eacute;clan MERDEUH</p>', 22, 19),
(46, '2019-02-07 12:21:10.000000', '<p>je suis un commentaire sisisi</p>', 7, 19);

-- --------------------------------------------------------

--
-- Structure de la table `posts`
--

DROP TABLE IF EXISTS `posts`;
CREATE TABLE IF NOT EXISTS `posts` (
  `id` bigint(20) UNSIGNED NOT NULL AUTO_INCREMENT,
  `title` varchar(30) CHARACTER SET utf8 NOT NULL,
  `content` longtext CHARACTER SET utf8 NOT NULL,
  `id_cat` bigint(20) UNSIGNED NOT NULL,
  `id_author` bigint(20) UNSIGNED NOT NULL,
  `created_date` datetime NOT NULL,
  `updated_date` datetime NOT NULL,
  `image` varchar(255) CHARACTER SET utf8 NOT NULL,
  PRIMARY KEY (`id`),
  KEY `id_cat` (`id_cat`),
  KEY `id_author` (`id_author`)
) ENGINE=InnoDB AUTO_INCREMENT=34 DEFAULT CHARSET=utf8 COLLATE=utf8_unicode_ci;

--
-- Déchargement des données de la table `posts`
--

INSERT INTO `posts` (`id`, `title`, `content`, `id_cat`, `id_author`, `created_date`, `updated_date`, `image`) VALUES
(27, 'La dinde au Whisky', '<p><span style=\"font-size: 13.5pt; font-family: \'Trebuchet MS\',sans-serif; mso-fareast-font-family: \'Times New Roman\'; mso-bidi-font-family: \'Times New Roman\'; color: black; mso-fareast-language: FR;\">La dinde au wisky</span></p>\r\n<p>&nbsp;</p>\r\n<p><span style=\"font-size: 13.5pt; font-family: \'Trebuchet MS\',sans-serif; mso-fareast-font-family: \'Times New Roman\'; mso-bidi-font-family: \'Times New Roman\'; color: black; mso-fareast-language: FR;\">1 &ndash;Acheter une bonne dinde de 5 kilos&nbsp;&nbsp;pour 6 personnes et une bouteille de whisky, du sel, du poivre, de l&rsquo;huile d&rsquo;olive et des bardes de lard.</span></p>\r\n<p>&nbsp;</p>\r\n<p><span style=\"font-size: 13.5pt; font-family: \'Trebuchet MS\',sans-serif; mso-fareast-font-family: \'Times New Roman\'; mso-bidi-font-family: \'Times New Roman\'; color: black; mso-fareast-language: FR;\">2 &ndash; la barder de lard, la ficeler, la saler, la poivrer et ajouter un filet d&rsquo;huile d&rsquo;olive.</span></p>\r\n<p>&nbsp;</p>\r\n<p><span style=\"font-size: 13.5pt; font-family: \'Trebuchet MS\',sans-serif; mso-fareast-font-family: \'Times New Roman\'; mso-bidi-font-family: \'Times New Roman\'; color: black; mso-fareast-language: FR;\">3 &ndash; Faire pr&eacute;chauffer le four, thermostat 7 pendant 10 minutes.</span></p>\r\n<p>&nbsp;</p>\r\n<p><span style=\"font-size: 13.5pt; font-family: \'Trebuchet MS\',sans-serif; mso-fareast-font-family: \'Times New Roman\'; mso-bidi-font-family: \'Times New Roman\'; color: black; mso-fareast-language: FR;\">4 &ndash;Se verser un verre de whisky pendant ce temps l&agrave;.</span></p>\r\n<p>&nbsp;</p>\r\n<p><span style=\"font-size: 13.5pt; font-family: \'Trebuchet MS\',sans-serif; mso-fareast-font-family: \'Times New Roman\'; mso-bidi-font-family: \'Times New Roman\'; color: black; mso-fareast-language: FR;\">5 &ndash; Mettre la dinde au four dans un plat de cuisson.</span></p>\r\n<p>&nbsp;</p>\r\n<p><span style=\"font-size: 13.5pt; font-family: \'Trebuchet MS\',sans-serif; mso-fareast-font-family: \'Times New Roman\'; mso-bidi-font-family: \'Times New Roman\'; color: black; mso-fareast-language: FR;\">6 &ndash; Se verser ensuite 2 verres de whisky et les boire.</span></p>\r\n<p>&nbsp;</p>\r\n<p><span style=\"font-size: 13.5pt; font-family: \'Trebuchet MS\',sans-serif; mso-fareast-font-family: \'Times New Roman\'; mso-bidi-font-family: \'Times New Roman\'; color: black; mso-fareast-language: FR;\">7 &ndash; Mettre le therpostat &agrave; 8 apr&egrave;s 20 binutes pour la saisir.</span></p>\r\n<p>&nbsp;</p>\r\n<p><span style=\"font-size: 13.5pt; font-family: \'Trebuchet MS\',sans-serif; mso-fareast-font-family: \'Times New Roman\'; mso-bidi-font-family: \'Times New Roman\'; color: black; mso-fareast-language: FR;\">8 &ndash; Se bercer 3 verres de whisky.</span></p>\r\n<p>&nbsp;</p>\r\n<p><span style=\"font-size: 13.5pt; font-family: \'Trebuchet MS\',sans-serif; mso-fareast-font-family: \'Times New Roman\'; mso-bidi-font-family: \'Times New Roman\'; color: black; mso-fareast-language: FR;\">9 &ndash; Apr&egrave;s une debi beurre, fourrez, ouvrir et surveillez la cuisson de la pinde.</span></p>\r\n<p>&nbsp;</p>\r\n<p><span style=\"font-size: 13.5pt; font-family: \'Trebuchet MS\',sans-serif; mso-fareast-font-family: \'Times New Roman\'; mso-bidi-font-family: \'Times New Roman\'; color: black; mso-fareast-language: FR;\">10 &ndash; Brendre la vouteille de biscuit et s&rsquo;enfiler une bonne rasade derri&egrave;re la bravatte, ,non la cravate.</span></p>\r\n<p>&nbsp;</p>\r\n<p><span style=\"font-size: 13.5pt; font-family: \'Trebuchet MS\',sans-serif; mso-fareast-font-family: \'Times New Roman\'; mso-bidi-font-family: \'Times New Roman\'; color: black; mso-fareast-language: FR;\">11 &ndash; Apr&egrave;s une demie vure ou blus, tituber jusqu&rsquo;au bour, oubrir la putain de borte du bour et&nbsp;&nbsp;reburner, non revourner, non recourner, non enfin, mettre la guinde dans l&rsquo;autre sens&nbsp;!</span></p>\r\n<p>&nbsp;</p>\r\n<p><span style=\"font-size: 13.5pt; font-family: \'Trebuchet MS\',sans-serif; mso-fareast-font-family: \'Times New Roman\'; mso-bidi-font-family: \'Times New Roman\'; color: black; mso-fareast-language: FR;\">12 &ndash; Se bruler la main avec la putain de borte du bour en la refermant, bordel de merde&nbsp;!&nbsp;!</span></p>\r\n<p>&nbsp;</p>\r\n<p><span style=\"font-size: 13.5pt; font-family: \'Trebuchet MS\',sans-serif; mso-fareast-font-family: \'Times New Roman\'; mso-bidi-font-family: \'Times New Roman\'; color: black; mso-fareast-language: FR;\">13 &ndash; Essayer de s&rsquo;asseoir sur une butain de chaise et se reverdir 5 ou 6 whisky de verres ou le gontraire, je sais blus.</span></p>\r\n<p>&nbsp;</p>\r\n<p><span style=\"font-size: 13.5pt; font-family: \'Trebuchet MS\',sans-serif; mso-fareast-font-family: \'Times New Roman\'; mso-bidi-font-family: \'Times New Roman\'; color: black; mso-fareast-language: FR;\">14 &ndash; Buire, non&nbsp;&nbsp;luire, non cuire, non, ah ben si, cuire la bringue bandant 4 heures&nbsp;!&nbsp;!</span></p>\r\n<p>&nbsp;</p>\r\n<p><span style=\"font-size: 13.5pt; font-family: \'Trebuchet MS\',sans-serif; mso-fareast-font-family: \'Times New Roman\'; mso-bidi-font-family: \'Times New Roman\'; color: black; mso-fareast-language: FR;\">15 &ndash;Et hop, 5 berres de blus. Retrirer la four du binde.</span></p>\r\n<p>&nbsp;</p>\r\n<p><span style=\"font-size: 13.5pt; font-family: \'Trebuchet MS\',sans-serif; mso-fareast-font-family: \'Times New Roman\'; mso-bidi-font-family: \'Times New Roman\'; color: black; mso-fareast-language: FR;\">16 &ndash; Se bercer une bonne goul&eacute;e de whisky.</span></p>\r\n<p>&nbsp;</p>\r\n<p><span style=\"font-size: 13.5pt; font-family: \'Trebuchet MS\',sans-serif; mso-fareast-font-family: \'Times New Roman\'; mso-bidi-font-family: \'Times New Roman\'; color: black; mso-fareast-language: FR;\">17 &ndash; Essayez de sortir le bour de la saloperie de pinde de nouveau, (parce que c&agrave; a rat&eacute; la premi&egrave;re fois).</span></p>\r\n<p>&nbsp;</p>\r\n<p><span style=\"font-size: 13.5pt; font-family: \'Trebuchet MS\',sans-serif; mso-fareast-font-family: \'Times New Roman\'; mso-bidi-font-family: \'Times New Roman\'; color: black; mso-fareast-language: FR;\">18 &ndash; Rabasser la pinde qui est tomb&eacute;e par terre. L&rsquo;ettuyer avec une salet&eacute; de chiffon et la foutre sur un blat ou sur un clat ou sur&nbsp;&nbsp;une assiette. Enfin on s&rsquo;en fout.</span></p>\r\n<p>&nbsp;</p>\r\n<p><span style=\"font-size: 13.5pt; font-family: \'Trebuchet MS\',sans-serif; mso-fareast-font-family: \'Times New Roman\'; mso-bidi-font-family: \'Times New Roman\'; color: black; mso-fareast-language: FR;\">19 &ndash; Se peter la gueule &agrave; cause du gras sur le barrelage, ou le carrelage de la cuisine et essayer de se relever.</span></p>\r\n<p>&nbsp;</p>\r\n<p><span style=\"font-size: 13.5pt; font-family: \'Trebuchet MS\',sans-serif; mso-fareast-font-family: \'Times New Roman\'; mso-bidi-font-family: \'Times New Roman\'; color: black; mso-fareast-language: FR;\">20 &ndash; D&eacute;cider que l&rsquo;on est aussi bien par terre et binir la mouteille de whisky&nbsp;! Dorbir.</span></p>\r\n<p>&nbsp;</p>\r\n<p><span style=\"font-size: 13.5pt; font-family: \'Trebuchet MS\',sans-serif; mso-fareast-font-family: \'Times New Roman\'; mso-bidi-font-family: \'Times New Roman\'; color: black; mso-fareast-language: FR;\">21 &ndash; Manger la dinde froide avec de la mayonnaise le lendemain matin et nettoyer le bordel que tu as mis dans la cuisine la veille.</span></p>\r\n<p>&nbsp;</p>\r\n<p><span style=\"font-size: 13.5pt; font-family: \'Trebuchet MS\',sans-serif; mso-fareast-font-family: \'Times New Roman\'; mso-bidi-font-family: \'Times New Roman\'; color: black; mso-fareast-language: FR;\">Cr&eacute;dit&nbsp;: mon tonton qui me racontait souvent cette recette.</span></p>\r\n<p>&nbsp;</p>', 5, 18, '2019-02-11 15:41:59', '2019-02-11 15:41:59', 'img/uploaded_file/fa038bfefa0480cacfcea2052f1475f8.jpg'),
(28, 'Le terre-mer de Tiago', '<p class=\"MsoNormal\">Le terre-mer de Tiago</p>\r\n<p class=\"MsoNormal\">&nbsp;</p>\r\n<p class=\"MsoNormal\">Je ne sais pas si vous avez &eacute;t&eacute; dans ce restaurant aux abords des rives du Mississipi, entre France, USA et Br&eacute;sil&nbsp;? Tiago, le chef nous a d&eacute;voil&eacute; une recette qui allie tout ce qu&rsquo;on aime&nbsp;: Des tomates farcies, version terre-mer&nbsp;!</p>\r\n<p class=\"MsoNormal\">On vous dit tout&nbsp;! C&rsquo;&eacute;tait en juin dernier, lors du voyage de FoodMap aux &Eacute;tats-Unis, nous &eacute;tions 3 comp&egrave;res &agrave; avoir rejoint le pays des hamburgers et des hotdogs, mais pas que, car beaucoup de chef de toutes nationalit&eacute; viennent enrichir la culture gastronomique du pays. C&rsquo;est le cas de Tiago Azevedo, chef Br&eacute;silien de 43 ans qui a pos&eacute; ses valises dans une petite ville de l&rsquo;Arkansas. Il y a pris la place de chef du restaurant &laquo;&nbsp;Road-Island-Shepherd&nbsp;&raquo;, ou il a su allier une cuisine traditionnelle br&eacute;silienne, fran&ccedil;aise (ou il a fait ses classes dans nos plus beau palaces parisiens) et am&eacute;ricaine.</p>\r\n<p class=\"MsoNormal\">Je sais que vous tr&eacute;pignez d&rsquo;impatience de go&ucirc;ter cette recette qui nous donne tous l&rsquo;eau &agrave; la bouche&nbsp;: le terre-mer de tomates farcies.</p>\r\n<p class=\"MsoNormal\">&nbsp;</p>\r\n<p class=\"MsoNormal\">Pour 6 personnes, vous aurez besoin&nbsp;:</p>\r\n<p class=\"MsoListParagraphCxSpFirst\" style=\"text-indent: -18.0pt; mso-list: l0 level1 lfo1;\"><!-- [if !supportLists]--><span style=\"mso-ascii-font-family: Calibri; mso-fareast-font-family: Calibri; mso-hansi-font-family: Calibri; mso-bidi-font-family: Calibri;\"><span style=\"mso-list: Ignore;\">-<span style=\"font: 7.0pt \'Times New Roman\';\">&nbsp;&nbsp;&nbsp;&nbsp;&nbsp;&nbsp;&nbsp; </span></span></span><!--[endif]-->6 belles tomates c&oelig;ur de b&oelig;uf</p>\r\n<p class=\"MsoListParagraphCxSpMiddle\" style=\"text-indent: -18.0pt; mso-list: l0 level1 lfo1;\"><!-- [if !supportLists]--><span style=\"mso-ascii-font-family: Calibri; mso-fareast-font-family: Calibri; mso-hansi-font-family: Calibri; mso-bidi-font-family: Calibri;\"><span style=\"mso-list: Ignore;\">-<span style=\"font: 7.0pt \'Times New Roman\';\">&nbsp;&nbsp;&nbsp;&nbsp;&nbsp;&nbsp;&nbsp; </span></span></span><!--[endif]-->1 oignon rouge</p>\r\n<p class=\"MsoListParagraphCxSpMiddle\" style=\"text-indent: -18.0pt; mso-list: l0 level1 lfo1;\"><!-- [if !supportLists]--><span style=\"mso-ascii-font-family: Calibri; mso-fareast-font-family: Calibri; mso-hansi-font-family: Calibri; mso-bidi-font-family: Calibri;\"><span style=\"mso-list: Ignore;\">-<span style=\"font: 7.0pt \'Times New Roman\';\">&nbsp;&nbsp;&nbsp;&nbsp;&nbsp;&nbsp;&nbsp; </span></span></span><!--[endif]-->1 oignon blanc</p>\r\n<p class=\"MsoListParagraphCxSpMiddle\" style=\"text-indent: -18.0pt; mso-list: l0 level1 lfo1;\"><!-- [if !supportLists]--><span style=\"mso-ascii-font-family: Calibri; mso-fareast-font-family: Calibri; mso-hansi-font-family: Calibri; mso-bidi-font-family: Calibri;\"><span style=\"mso-list: Ignore;\">-<span style=\"font: 7.0pt \'Times New Roman\';\">&nbsp;&nbsp;&nbsp;&nbsp;&nbsp;&nbsp;&nbsp; </span></span></span><!--[endif]-->2 &eacute;chalotes</p>\r\n<p class=\"MsoListParagraphCxSpMiddle\" style=\"text-indent: -18.0pt; mso-list: l0 level1 lfo1;\"><!-- [if !supportLists]--><span style=\"mso-ascii-font-family: Calibri; mso-fareast-font-family: Calibri; mso-hansi-font-family: Calibri; mso-bidi-font-family: Calibri;\"><span style=\"mso-list: Ignore;\">-<span style=\"font: 7.0pt \'Times New Roman\';\">&nbsp;&nbsp;&nbsp;&nbsp;&nbsp;&nbsp;&nbsp; </span></span></span><!--[endif]-->1 carotte</p>\r\n<p class=\"MsoListParagraphCxSpMiddle\" style=\"text-indent: -18.0pt; mso-list: l0 level1 lfo1;\"><!-- [if !supportLists]--><span style=\"mso-ascii-font-family: Calibri; mso-fareast-font-family: Calibri; mso-hansi-font-family: Calibri; mso-bidi-font-family: Calibri;\"><span style=\"mso-list: Ignore;\">-<span style=\"font: 7.0pt \'Times New Roman\';\">&nbsp;&nbsp;&nbsp;&nbsp;&nbsp;&nbsp;&nbsp; </span></span></span><!--[endif]-->&frac12; fenouille</p>\r\n<p class=\"MsoListParagraphCxSpMiddle\" style=\"text-indent: -18.0pt; mso-list: l0 level1 lfo1;\"><!-- [if !supportLists]--><span style=\"mso-ascii-font-family: Calibri; mso-fareast-font-family: Calibri; mso-hansi-font-family: Calibri; mso-bidi-font-family: Calibri;\"><span style=\"mso-list: Ignore;\">-<span style=\"font: 7.0pt \'Times New Roman\';\">&nbsp;&nbsp;&nbsp;&nbsp;&nbsp;&nbsp;&nbsp; </span></span></span><!--[endif]-->Persil</p>\r\n<p class=\"MsoListParagraphCxSpMiddle\" style=\"text-indent: -18.0pt; mso-list: l0 level1 lfo1;\"><!-- [if !supportLists]--><span style=\"mso-ascii-font-family: Calibri; mso-fareast-font-family: Calibri; mso-hansi-font-family: Calibri; mso-bidi-font-family: Calibri;\"><span style=\"mso-list: Ignore;\">-<span style=\"font: 7.0pt \'Times New Roman\';\">&nbsp;&nbsp;&nbsp;&nbsp;&nbsp;&nbsp;&nbsp; </span></span></span><!--[endif]-->Coriandre</p>\r\n<p class=\"MsoListParagraphCxSpMiddle\" style=\"text-indent: -18.0pt; mso-list: l0 level1 lfo1;\"><!-- [if !supportLists]--><span style=\"mso-ascii-font-family: Calibri; mso-fareast-font-family: Calibri; mso-hansi-font-family: Calibri; mso-bidi-font-family: Calibri;\"><span style=\"mso-list: Ignore;\">-<span style=\"font: 7.0pt \'Times New Roman\';\">&nbsp;&nbsp;&nbsp;&nbsp;&nbsp;&nbsp;&nbsp; </span></span></span><!--[endif]-->Homard</p>\r\n<p class=\"MsoListParagraphCxSpMiddle\" style=\"text-indent: -18.0pt; mso-list: l0 level1 lfo1;\"><!-- [if !supportLists]--><span style=\"mso-ascii-font-family: Calibri; mso-fareast-font-family: Calibri; mso-hansi-font-family: Calibri; mso-bidi-font-family: Calibri;\"><span style=\"mso-list: Ignore;\">-<span style=\"font: 7.0pt \'Times New Roman\';\">&nbsp;&nbsp;&nbsp;&nbsp;&nbsp;&nbsp;&nbsp; </span></span></span><!--[endif]-->Langoustines</p>\r\n<p class=\"MsoListParagraphCxSpMiddle\" style=\"text-indent: -18.0pt; mso-list: l0 level1 lfo1;\"><!-- [if !supportLists]--><span style=\"mso-ascii-font-family: Calibri; mso-fareast-font-family: Calibri; mso-hansi-font-family: Calibri; mso-bidi-font-family: Calibri;\"><span style=\"mso-list: Ignore;\">-<span style=\"font: 7.0pt \'Times New Roman\';\">&nbsp;&nbsp;&nbsp;&nbsp;&nbsp;&nbsp;&nbsp; </span></span></span><!--[endif]-->Coques</p>\r\n<p class=\"MsoListParagraphCxSpMiddle\" style=\"text-indent: -18.0pt; mso-list: l0 level1 lfo1;\"><!-- [if !supportLists]--><span style=\"mso-ascii-font-family: Calibri; mso-fareast-font-family: Calibri; mso-hansi-font-family: Calibri; mso-bidi-font-family: Calibri;\"><span style=\"mso-list: Ignore;\">-<span style=\"font: 7.0pt \'Times New Roman\';\">&nbsp;&nbsp;&nbsp;&nbsp;&nbsp;&nbsp;&nbsp; </span></span></span><!--[endif]-->Vin blanc</p>\r\n<p class=\"MsoListParagraphCxSpMiddle\" style=\"text-indent: -18.0pt; mso-list: l0 level1 lfo1;\"><!-- [if !supportLists]--><span style=\"mso-ascii-font-family: Calibri; mso-fareast-font-family: Calibri; mso-hansi-font-family: Calibri; mso-bidi-font-family: Calibri;\"><span style=\"mso-list: Ignore;\">-<span style=\"font: 7.0pt \'Times New Roman\';\">&nbsp;&nbsp;&nbsp;&nbsp;&nbsp;&nbsp;&nbsp; </span></span></span><!--[endif]-->Sel</p>\r\n<p class=\"MsoListParagraphCxSpMiddle\" style=\"text-indent: -18.0pt; mso-list: l0 level1 lfo1;\"><!-- [if !supportLists]--><span style=\"mso-ascii-font-family: Calibri; mso-fareast-font-family: Calibri; mso-hansi-font-family: Calibri; mso-bidi-font-family: Calibri;\"><span style=\"mso-list: Ignore;\">-<span style=\"font: 7.0pt \'Times New Roman\';\">&nbsp;&nbsp;&nbsp;&nbsp;&nbsp;&nbsp;&nbsp; </span></span></span><!--[endif]-->Poivre</p>\r\n<p class=\"MsoListParagraphCxSpLast\" style=\"text-indent: -18.0pt; mso-list: l0 level1 lfo1;\"><!-- [if !supportLists]--><span style=\"mso-ascii-font-family: Calibri; mso-fareast-font-family: Calibri; mso-hansi-font-family: Calibri; mso-bidi-font-family: Calibri;\"><span style=\"mso-list: Ignore;\">-<span style=\"font: 7.0pt \'Times New Roman\';\">&nbsp;&nbsp;&nbsp;&nbsp;&nbsp;&nbsp;&nbsp; </span></span></span><!--[endif]-->Riz (245g)</p>\r\n<p class=\"MsoNormal\">&nbsp;</p>\r\n<p class=\"MsoNormal\">Dans un premier temps, il vous faudra laver vos l&eacute;gumes &agrave; l&rsquo;eau clair.</p>\r\n<p class=\"MsoNormal\">Ouvrez les tomates et &eacute;videz-les. R&eacute;servez la chair qui va nous servir plus tard.</p>\r\n<p class=\"MsoNormal\">Coupez en julienne carottes, &eacute;chalotes et oignon.</p>\r\n<p class=\"MsoNormal\">Dans une po&ecirc;le, pr&eacute;alablement huil&eacute; (huile d&rsquo;olive), saisissez la queue de homard, et les queues de langoustines, l&rsquo;id&eacute;e ici est uniquement de colorer les b&ecirc;tes, afin de r&eacute;cup&eacute;r&eacute; les sucs de cuisson.</p>\r\n<p class=\"MsoNormal\">Une fois les sucs bien caram&eacute;lis&eacute;s, ajoutez les l&eacute;gumes en julienne et laissez-les devenir translucides. Mixez pendant ce temps les langoustines et le homard, r&eacute;servez. Ajouter dans la po&ecirc;le, le vin blanc, et laissez &eacute;vaporer 5 min environs avant d&rsquo;y ajouter les coques.</p>\r\n<p class=\"MsoNormal\">Dans le mixeur, ajoutez le persil, la coriandre sel et poivre et mixez &agrave; nouveau.</p>\r\n<p class=\"MsoNormal\">Sortez les coques, une fois que celles-ci seront bien ouvertes et mixez &agrave; nouveau avec la garniture.</p>\r\n<p class=\"MsoNormal\">Formez des boulettes dans vos mains, remplacez la chair des tomates c&oelig;ur de b&oelig;uf par notre farce, et allumer le four thermostat 8.</p>\r\n<p class=\"MsoNormal\">Dans un plat familiale, versez le riz cru au fond et placez vos tomates, attention de ne pas oublier d&rsquo;y rajouter leur chapeau&nbsp;!</p>\r\n<p class=\"MsoNormal\">Mixez le reste des garnitures et des coques ensemble, comme un bouillon g&eacute;ant que vous mettez sur le riz, avant d&rsquo;enfourner le plat dans le four, pour 40min.</p>\r\n<p class=\"MsoNormal\">&nbsp;</p>\r\n<p class=\"MsoNormal\">Une fois sortie du four, ciselez le reste des herbes aromatiques et savourez votre terre-mer de tomates farcies&nbsp;!</p>\r\n<p class=\"MsoNormal\">Merci Tiago&nbsp;! Nous allons nous r&eacute;galer&nbsp;!</p>', 3, 19, '2019-02-11 15:46:17', '2019-02-11 15:46:17', 'img/uploaded_file/f2e31f14175d22f37f956ad72005e3b1.jpg'),
(29, 'Les frites de Monique', '<p class=\"MsoNormal\">Monique, c&rsquo;est ma grand-m&egrave;re, elle a toujours habit&eacute; mon enfance par ses excellents repas familiaux, qui r&eacute;confortent en hiver, et, il faut le dire, qui donnent aussi quelques kilos&hellip; Ici, je vais vous parler des frites, des fameuses frites de Monique !</p>\r\n<p class=\"MsoNormal\">Selon elle, peu importe la vari&eacute;t&eacute; de pomme de terre utilis&eacute;e : pour qu&rsquo;une frite croustille, le secret, c&rsquo;est l&rsquo;huile, la coupe et la temp&eacute;rature du bain &eacute;videmment.<span style=\"mso-spacerun: yes;\">&nbsp; </span></p>\r\n<p class=\"MsoNormal\">&nbsp;</p>\r\n<p class=\"MsoNormal\">Pour 4 personnes&nbsp;il vous faudra&nbsp;:</p>\r\n<p class=\"MsoListParagraphCxSpFirst\" style=\"margin-left: 53.4pt; mso-add-space: auto; text-indent: -18.0pt; mso-list: l0 level1 lfo1;\"><!-- [if !supportLists]--><span style=\"mso-ascii-font-family: Calibri; mso-fareast-font-family: Calibri; mso-hansi-font-family: Calibri; mso-bidi-font-family: Calibri;\"><span style=\"mso-list: Ignore;\">-<span style=\"font: 7.0pt \'Times New Roman\';\">&nbsp;&nbsp;&nbsp;&nbsp;&nbsp;&nbsp;&nbsp; </span></span></span><!--[endif]-->1.2kg de pomme de terre de consommation</p>\r\n<p class=\"MsoListParagraphCxSpMiddle\" style=\"margin-left: 53.4pt; mso-add-space: auto; text-indent: -18.0pt; mso-list: l0 level1 lfo1;\"><!-- [if !supportLists]--><span style=\"mso-ascii-font-family: Calibri; mso-fareast-font-family: Calibri; mso-hansi-font-family: Calibri; mso-bidi-font-family: Calibri;\"><span style=\"mso-list: Ignore;\">-<span style=\"font: 7.0pt \'Times New Roman\';\">&nbsp;&nbsp;&nbsp;&nbsp;&nbsp;&nbsp;&nbsp; </span></span></span><!--[endif]-->500ml d&rsquo;huile de colza</p>\r\n<p class=\"MsoListParagraphCxSpMiddle\" style=\"margin-left: 53.4pt; mso-add-space: auto; text-indent: -18.0pt; mso-list: l0 level1 lfo1;\"><!-- [if !supportLists]--><span style=\"mso-ascii-font-family: Calibri; mso-fareast-font-family: Calibri; mso-hansi-font-family: Calibri; mso-bidi-font-family: Calibri;\"><span style=\"mso-list: Ignore;\">-<span style=\"font: 7.0pt \'Times New Roman\';\">&nbsp;&nbsp;&nbsp;&nbsp;&nbsp;&nbsp;&nbsp; </span></span></span><!--[endif]-->50g de graisse de canard</p>\r\n<p class=\"MsoListParagraphCxSpMiddle\" style=\"margin-left: 53.4pt; mso-add-space: auto; text-indent: -18.0pt; mso-list: l0 level1 lfo1;\"><!-- [if !supportLists]--><span style=\"mso-ascii-font-family: Calibri; mso-fareast-font-family: Calibri; mso-hansi-font-family: Calibri; mso-bidi-font-family: Calibri;\"><span style=\"mso-list: Ignore;\">-<span style=\"font: 7.0pt \'Times New Roman\';\">&nbsp;&nbsp;&nbsp;&nbsp;&nbsp;&nbsp;&nbsp; </span></span></span><!--[endif]-->25g de graisse de porc</p>\r\n<p class=\"MsoListParagraphCxSpMiddle\" style=\"margin-left: 53.4pt; mso-add-space: auto; text-indent: -18.0pt; mso-list: l0 level1 lfo1;\"><!-- [if !supportLists]--><span style=\"mso-ascii-font-family: Calibri; mso-fareast-font-family: Calibri; mso-hansi-font-family: Calibri; mso-bidi-font-family: Calibri;\"><span style=\"mso-list: Ignore;\">-<span style=\"font: 7.0pt \'Times New Roman\';\">&nbsp;&nbsp;&nbsp;&nbsp;&nbsp;&nbsp;&nbsp; </span></span></span><!--[endif]-->2 pinc&eacute;es de sel</p>\r\n<p class=\"MsoListParagraphCxSpLast\" style=\"margin-left: 53.4pt; mso-add-space: auto; text-indent: -18.0pt; mso-list: l0 level1 lfo1;\"><!-- [if !supportLists]--><span style=\"mso-ascii-font-family: Calibri; mso-fareast-font-family: Calibri; mso-hansi-font-family: Calibri; mso-bidi-font-family: Calibri;\"><span style=\"mso-list: Ignore;\">-<span style=\"font: 7.0pt \'Times New Roman\';\">&nbsp;&nbsp;&nbsp;&nbsp;&nbsp;&nbsp;&nbsp; </span></span></span><!--[endif]-->1 pinc&eacute;e de poivre</p>\r\n<p class=\"MsoNormal\">&nbsp;</p>\r\n<p class=\"MsoNormal\">Pr&eacute;parer une bassine d&rsquo;eau &agrave; temp&eacute;rature ambiante, il faut qu&rsquo;elle soit assez grande pour couvrir les pommes de terres coup&eacute;es.</p>\r\n<p class=\"MsoNormal\">&nbsp;</p>\r\n<p class=\"MsoNormal\">Epluchez les pommes de terre, sur du Michel Sardou &laquo;&nbsp;Dans les bals populaiiiireuh, l&rsquo;ouvrier parisiennn&hellip;&nbsp;&raquo; et r&eacute;servez-les dans un torchon propre.</p>\r\n<p class=\"MsoNormal\">Mais il vous faut &agrave; pr&eacute;sent pr&eacute;parer le terrain et de faire chauffer l&rsquo;huile&nbsp;: dans une grande casserole ou tout simplement dans une marmite.<span style=\"mso-spacerun: yes;\">&nbsp; </span>M&eacute;langez directement l&rsquo;huile et des graisses animales, et &agrave; feux doux &agrave; moyen, laissez-les d&eacute;canter le temps de couper vos pommes de terre.</p>\r\n<p class=\"MsoNormal\">Une fois cette t&acirc;che accomplie, maintenant, vous devez faire preuve de pr&eacute;cision&nbsp;: pour une pomme de terre de 10 cm de diam&egrave;tre environs, coupez-la en 3 dans le sens de la longueur, car nous voulons de grandes frites &eacute;paisses et croustillantes. Puis coupez-les en 4, toujours dans le sens de la longueur&nbsp;: vous obtenez la taille parfaite. Vous pourrez alors, et seulement alors les plonger dans la bassine d&rsquo;eau, afin qu&rsquo;elles ne colorent pas. Attention, il ne faut pas que cette op&eacute;ration du bain dure plus de 20 min, afin de garder toutes les valeurs nutritives de la pomme de terre.</p>\r\n<p class=\"MsoNormal\">Retirez les frites fraiches de leur bain, s&eacute;chez-les tr&egrave;s succinctement, voir grossi&egrave;rement dans un torchon propre et sec et jetez-les dans le bain d&rsquo;huile, qui doit &ecirc;tre pr&ecirc;t.</p>\r\n<p class=\"MsoNormal\">Vous devez entendre&nbsp;: &laquo;&nbsp;frrrshhhhh&nbsp;&raquo;, c&rsquo;est la dorure qui prend, la chaleur saisissant la frite, et la rendant crrrrroustillante en dehors, mais attention, car elle doit rester fondante &agrave; l&rsquo;int&eacute;rieur.</p>\r\n<p class=\"MsoNormal\">Attention, l&rsquo;huile colore&nbsp;: voil&agrave; pourquoi vous devez imp&eacute;rativement retirer les frites de cuisson avant qu&rsquo;il ne soit trop tard. Avec la coupe &agrave; la Monique, sur l&rsquo;arr&ecirc;te des frites doivent apparaitre une tr&egrave;s l&eacute;g&egrave;re coloration &laquo;&nbsp;caramel&nbsp;&raquo;. C&rsquo;est &agrave; ce moment que vous devez les sortir.</p>\r\n<p class=\"MsoNormal\">Sur une plaque, pr&eacute;alablement recouvert de sopalin, afin d&rsquo;&eacute;ponger le superflu de graisse, &eacute;talez les frites, salez et poivrez, et surtout&nbsp;: d&eacute;gustez&nbsp;!!!</p>\r\n<p class=\"MsoNormal\">Merci les frites, mais surtout, merci Monique.</p>', 3, 18, '2019-02-11 15:49:40', '2019-02-11 15:49:40', 'img/uploaded_file/51471621bccac5b56deb10ab52f9d399.jpg'),
(30, 'Le boudin - purée ', '<p class=\"MsoNormal\">Le boudin de Romain et sa pur&eacute;e sacr&eacute;e</p>\r\n<p class=\"MsoNormal\">&nbsp;</p>\r\n<p class=\"MsoNormal\">Qui ne connait pas Romain&nbsp;? roi du romarin, des ramequins, qui est capable de vous transformer un simple steak de cheval en lasagnes surgel&eacute;es&nbsp;!</p>\r\n<p class=\"MsoNormal\">&nbsp;</p>\r\n<p class=\"MsoNormal\">Romain est producteur r&eacute;coltant de c&oelig;ur de porc, de foies de volailles et de pattes de lapin. Depuis sa ferme dans le Cantal, sur environs 200 hectares de terre, il nous a gentiment ouvert les portes de son exploitation pour nous pr&eacute;senter sa recette tr&egrave;s personnelle du boudin.</p>\r\n<p class=\"MsoNormal\">&nbsp;</p>\r\n<p class=\"MsoNormal\">&laquo;&nbsp;Prenez un cochon, un bon cochon &eacute;lev&eacute; au grain, aux c&eacute;r&eacute;ales et aux pommes de terre nourrici&egrave;res. Un porc de chez moi. Attendez tout de m&ecirc;me une certaine maturit&eacute;&nbsp;: 8 mois, &agrave; cet &acirc;ge ils sont encore tendre et mous comme un bonbon. Il faut l&rsquo;assommer avant de r&eacute;cup&eacute;rer son sang, tout doit-&ecirc;tre parfaitement frais&nbsp;!&nbsp;&raquo;</p>\r\n<p class=\"MsoNormal\">Une fois le divin liquide r&eacute;cup&eacute;r&eacute;, il faut le r&eacute;server au frais.</p>\r\n<p class=\"MsoNormal\">Le secret est de laisser le sang d&eacute;canter pendant la nuit, avant d&rsquo;y ajouter au petit matin un m&eacute;lange d&rsquo;&eacute;pices dont il nous en livre le secret&nbsp;: &laquo;&nbsp;cannelle, piment d&rsquo;Espelette, beaucoup de poivre, du sel, du fenousec, une pointe de curcuma sans oublier de l&rsquo;ail d&eacute;shydrat&eacute;e&nbsp;&raquo;. Toutes ces &eacute;pices doivent &agrave; nouveau reposer dans le sang durant une bonne demi-journ&eacute;e. Attention n&eacute;anmoins, il vous faudra remuer ce m&eacute;lange toutes les 20 minutes.</p>\r\n<p class=\"MsoNormal\">La mise en boudin arrive&nbsp;! Ayant r&eacute;cup&eacute;r&eacute; les boyaux de l&rsquo;animal, et lav&eacute; et pr&eacute;par&eacute; ceux-ci dans la machine &agrave; boudin&nbsp;: il ajoute un &eacute;l&eacute;ment secret, dont nous nous n&rsquo;aurons pas le secret afin que le sang finisse de coaguler. Vient le temps d&rsquo;enfourner la masse sombre dans les boyaux. En deux temps, et trois mouvement, Romain a d&eacute;j&agrave; fini.</p>\r\n<p class=\"MsoNormal\">Pour la cuisson, Romain aussi nous donne sa m&eacute;thode&nbsp;: AU FOUR&nbsp;!</p>\r\n<p class=\"MsoNormal\">Comment&nbsp;? Mais que devient mon beau boudin croustillant&nbsp;? Pas besoin de saisir la b&ecirc;te, car en effet, il place les boudins dans un plat &agrave; tarte, pr&eacute;alablement huil&eacute; avec du colza et une noix de beurre demi-sel. Il enfourne pour 25 min &agrave; 160degr&eacute;s.</p>\r\n<p class=\"MsoNormal\">Comme accompagnement, Romain nous propose de go&ucirc;ter sa pur&eacute;e de topinambours au curcuma et au miel de thym.</p>\r\n<p class=\"MsoNormal\">Croyez bien que ce fut un repas d&eacute;licieux&nbsp;!</p>\r\n<p class=\"MsoNormal\">Voil&agrave; la recette de cette pur&eacute;e&nbsp;:</p>\r\n<p class=\"MsoNormal\">&nbsp;</p>\r\n<p class=\"MsoListParagraphCxSpFirst\" style=\"text-indent: -18.0pt; mso-list: l0 level1 lfo1;\"><!-- [if !supportLists]--><span style=\"mso-ascii-font-family: Calibri; mso-fareast-font-family: Calibri; mso-hansi-font-family: Calibri; mso-bidi-font-family: Calibri;\"><span style=\"mso-list: Ignore;\">-<span style=\"font: 7.0pt \'Times New Roman\';\">&nbsp;&nbsp;&nbsp;&nbsp;&nbsp;&nbsp;&nbsp; </span></span></span><!--[endif]-->1kg de topinambours</p>\r\n<p class=\"MsoListParagraphCxSpMiddle\" style=\"text-indent: -18.0pt; mso-list: l0 level1 lfo1;\"><!-- [if !supportLists]--><span style=\"mso-ascii-font-family: Calibri; mso-fareast-font-family: Calibri; mso-hansi-font-family: Calibri; mso-bidi-font-family: Calibri;\"><span style=\"mso-list: Ignore;\">-<span style=\"font: 7.0pt \'Times New Roman\';\">&nbsp;&nbsp;&nbsp;&nbsp;&nbsp;&nbsp;&nbsp; </span></span></span><!--[endif]-->1 pinc&eacute;e de gros sel</p>\r\n<p class=\"MsoListParagraphCxSpMiddle\" style=\"text-indent: -18.0pt; mso-list: l0 level1 lfo1;\"><!-- [if !supportLists]--><span style=\"mso-ascii-font-family: Calibri; mso-fareast-font-family: Calibri; mso-hansi-font-family: Calibri; mso-bidi-font-family: Calibri;\"><span style=\"mso-list: Ignore;\">-<span style=\"font: 7.0pt \'Times New Roman\';\">&nbsp;&nbsp;&nbsp;&nbsp;&nbsp;&nbsp;&nbsp; </span></span></span><!--[endif]-->55g de beurre</p>\r\n<p class=\"MsoListParagraphCxSpMiddle\" style=\"text-indent: -18.0pt; mso-list: l0 level1 lfo1;\"><!-- [if !supportLists]--><span style=\"mso-ascii-font-family: Calibri; mso-fareast-font-family: Calibri; mso-hansi-font-family: Calibri; mso-bidi-font-family: Calibri;\"><span style=\"mso-list: Ignore;\">-<span style=\"font: 7.0pt \'Times New Roman\';\">&nbsp;&nbsp;&nbsp;&nbsp;&nbsp;&nbsp;&nbsp; </span></span></span><!--[endif]-->3 pinc&eacute;e de curcuma</p>\r\n<p class=\"MsoListParagraphCxSpMiddle\" style=\"text-indent: -18.0pt; mso-list: l0 level1 lfo1;\"><!-- [if !supportLists]--><span style=\"mso-ascii-font-family: Calibri; mso-fareast-font-family: Calibri; mso-hansi-font-family: Calibri; mso-bidi-font-family: Calibri;\"><span style=\"mso-list: Ignore;\">-<span style=\"font: 7.0pt \'Times New Roman\';\">&nbsp;&nbsp;&nbsp;&nbsp;&nbsp;&nbsp;&nbsp; </span></span></span><!--[endif]-->2 cuill&egrave;res &agrave; soupe de miel de thym</p>\r\n<p class=\"MsoListParagraphCxSpMiddle\" style=\"text-indent: -18.0pt; mso-list: l0 level1 lfo1;\"><!-- [if !supportLists]--><span style=\"mso-ascii-font-family: Calibri; mso-fareast-font-family: Calibri; mso-hansi-font-family: Calibri; mso-bidi-font-family: Calibri;\"><span style=\"mso-list: Ignore;\">-<span style=\"font: 7.0pt \'Times New Roman\';\">&nbsp;&nbsp;&nbsp;&nbsp;&nbsp;&nbsp;&nbsp; </span></span></span><!--[endif]-->Sel</p>\r\n<p class=\"MsoListParagraphCxSpLast\" style=\"text-indent: -18.0pt; mso-list: l0 level1 lfo1;\"><!-- [if !supportLists]--><span style=\"mso-ascii-font-family: Calibri; mso-fareast-font-family: Calibri; mso-hansi-font-family: Calibri; mso-bidi-font-family: Calibri;\"><span style=\"mso-list: Ignore;\">-<span style=\"font: 7.0pt \'Times New Roman\';\">&nbsp;&nbsp;&nbsp;&nbsp;&nbsp;&nbsp;&nbsp; </span></span></span><!--[endif]-->Poivre</p>\r\n<p class=\"MsoNormal\">Amener une grosse casserole d&rsquo;eau en &eacute;bullition, y ajouter la pinc&eacute;e de gros sel.</p>\r\n<p class=\"MsoNormal\">Epluchez les topinambours et coupez-les grossi&egrave;rement avant de les jeter dans l&rsquo;eau bouillante.</p>\r\n<p class=\"MsoNormal\">Pr&eacute;parer dans un saladier en verre, le beurre, que vous coupez en morceaux, et le m&eacute;lange d&rsquo;&eacute;pices bien dos&eacute;es. Egouttez les topinambours, ils doivent &ecirc;tre cuits au bout de 20 min &agrave; feu moyen. Pour ne pas casser le l&eacute;gume, &eacute;crasez-le dans le saladier avec beurre et &eacute;pices. Une fois la consistance voulu, ajouter les cuill&egrave;res &agrave; soupe de thym et rectifiez l&rsquo;assaisonnement avec le sel et le poivre.</p>\r\n<p class=\"MsoNormal\">&nbsp;</p>\r\n<p class=\"MsoNormal\">Un r&eacute;gal&nbsp;! Merci romain pour cette recette originale de pur&eacute;e qui s&rsquo;allie parfaitement &agrave; ton boudin, savoureux, tendre, chaud et r&eacute;confortant.</p>\r\n<p class=\"MsoNormal\">&nbsp;</p>\r\n<p class=\"MsoNormal\">Si vous passez dans le Cantal, Venez partager un repas chez Romain, avec Romain qui fait chambre d&rsquo;h&ocirc;tes, il a pleins de recettes &agrave; partager, mais aussi une belle philosophie de vie.</p>\r\n<p class=\"MsoNormal\">&nbsp;</p>\r\n<p class=\"MsoNormal\">A vos fourchettes&nbsp;!</p>', 5, 24, '2019-02-11 15:51:55', '2019-02-11 15:51:55', 'img/uploaded_file/03d6281aa5ba84d40b343edc8ef8b420.jpeg'),
(31, 'Les minis Nems sucrés', '<p class=\"MsoNormal\">Les mini-nems sucr&eacute;s de Lane</p>\r\n<p class=\"MsoNormal\">&nbsp;</p>\r\n<p class=\"MsoNormal\">Voyageons, prenons le large, partons en Asie&nbsp;!</p>\r\n<p class=\"MsoNormal\">&nbsp;</p>\r\n<p class=\"MsoNormal\">J&rsquo;ai pu b&eacute;n&eacute;ficier, au cours de mes voyages d&rsquo;une chance extraordinaire&nbsp;:<span style=\"mso-spacerun: yes;\">&nbsp; </span>une rencontra avec une p&acirc;tissi&egrave;re du Laos&nbsp;: Lane. Elle poss&egrave;de un foodcar o&ugrave; elle vend brioches et p&acirc;tisseries asiatiques. Elle m&rsquo;a propos&eacute; de partager avec elle une recette des plus sublimes, facile &agrave; r&eacute;aliser, si toutefois on peut acqu&eacute;rir le tour de main.</p>\r\n<p class=\"MsoNormal\">Tout a commenc&eacute; par une odeur qui trainait dans les rues de Vientiane, une odeur sucr&eacute;e, &eacute;pic&eacute;e, qui m&rsquo;a tout de suite fait r&ecirc;v&eacute;. J&rsquo;ai suivi d&rsquo;instinc l&rsquo;odeur et suis tomb&eacute;e nez-&agrave;-nez avec le foodtruck de Lane&nbsp;: une petite femme d&rsquo;environs 30 ans, seule derri&egrave;re ses fourneaux. Grand sourire au l&egrave;vre, elle vit tout de suite que j&rsquo;&eacute;tais tr&egrave;s attir&eacute; par l&rsquo;odeur de sucre chaud et me propos&eacute; de go&ucirc;ter une petite brioche chinoise&hellip; Un D&eacute;-li-ce&nbsp;!</p>\r\n<p class=\"MsoNormal\">Elle proposa de me donner la recette d&rsquo;une autre gourmandise qui n&rsquo;est pas sans rappeler les p&acirc;tisseries marocaines&nbsp;: les mini-nems sucr&eacute;s.</p>\r\n<p class=\"MsoNormal\">Pour cette r&eacute;alisation, il vous faudra&nbsp;:</p>\r\n<p class=\"MsoListParagraphCxSpFirst\" style=\"text-indent: -18.0pt; mso-list: l0 level1 lfo1;\"><!-- [if !supportLists]--><span style=\"mso-ascii-font-family: Calibri; mso-fareast-font-family: Calibri; mso-hansi-font-family: Calibri; mso-bidi-font-family: Calibri;\"><span style=\"mso-list: Ignore;\">-<span style=\"font: 7.0pt \'Times New Roman\';\">&nbsp;&nbsp;&nbsp;&nbsp;&nbsp;&nbsp;&nbsp; </span></span></span><!--[endif]-->Des feuilles de riz&nbsp;;</p>\r\n<p class=\"MsoListParagraphCxSpMiddle\" style=\"text-indent: -18.0pt; mso-list: l0 level1 lfo1;\"><!-- [if !supportLists]--><span style=\"mso-ascii-font-family: Calibri; mso-fareast-font-family: Calibri; mso-hansi-font-family: Calibri; mso-bidi-font-family: Calibri;\"><span style=\"mso-list: Ignore;\">-<span style=\"font: 7.0pt \'Times New Roman\';\">&nbsp;&nbsp;&nbsp;&nbsp;&nbsp;&nbsp;&nbsp; </span></span></span><!--[endif]-->200g de sucre blanc&nbsp;;</p>\r\n<p class=\"MsoListParagraphCxSpMiddle\" style=\"text-indent: -18.0pt; mso-list: l0 level1 lfo1;\"><!-- [if !supportLists]--><span style=\"mso-ascii-font-family: Calibri; mso-fareast-font-family: Calibri; mso-hansi-font-family: Calibri; mso-bidi-font-family: Calibri;\"><span style=\"mso-list: Ignore;\">-<span style=\"font: 7.0pt \'Times New Roman\';\">&nbsp;&nbsp;&nbsp;&nbsp;&nbsp;&nbsp;&nbsp; </span></span></span><!--[endif]-->150g de sucre glace&nbsp;;</p>\r\n<p class=\"MsoListParagraphCxSpMiddle\" style=\"text-indent: -18.0pt; mso-list: l0 level1 lfo1;\"><!-- [if !supportLists]--><span style=\"mso-ascii-font-family: Calibri; mso-fareast-font-family: Calibri; mso-hansi-font-family: Calibri; mso-bidi-font-family: Calibri;\"><span style=\"mso-list: Ignore;\">-<span style=\"font: 7.0pt \'Times New Roman\';\">&nbsp;&nbsp;&nbsp;&nbsp;&nbsp;&nbsp;&nbsp; </span></span></span><!--[endif]-->100g de sucre roux&nbsp;;</p>\r\n<p class=\"MsoListParagraphCxSpMiddle\" style=\"text-indent: -18.0pt; mso-list: l0 level1 lfo1;\"><!-- [if !supportLists]--><span style=\"mso-ascii-font-family: Calibri; mso-fareast-font-family: Calibri; mso-hansi-font-family: Calibri; mso-bidi-font-family: Calibri;\"><span style=\"mso-list: Ignore;\">-<span style=\"font: 7.0pt \'Times New Roman\';\">&nbsp;&nbsp;&nbsp;&nbsp;&nbsp;&nbsp;&nbsp; </span></span></span><!--[endif]-->3 cuill&egrave;res &agrave; soupe de miel&nbsp;;</p>\r\n<p class=\"MsoListParagraphCxSpMiddle\" style=\"text-indent: -18.0pt; mso-list: l0 level1 lfo1;\"><!-- [if !supportLists]--><span style=\"mso-ascii-font-family: Calibri; mso-fareast-font-family: Calibri; mso-hansi-font-family: Calibri; mso-bidi-font-family: Calibri;\"><span style=\"mso-list: Ignore;\">-<span style=\"font: 7.0pt \'Times New Roman\';\">&nbsp;&nbsp;&nbsp;&nbsp;&nbsp;&nbsp;&nbsp; </span></span></span><!--[endif]-->2 cuill&egrave;res &agrave; soupe de soja&nbsp;;</p>\r\n<p class=\"MsoListParagraphCxSpMiddle\" style=\"text-indent: -18.0pt; mso-list: l0 level1 lfo1;\"><!-- [if !supportLists]--><span style=\"mso-ascii-font-family: Calibri; mso-fareast-font-family: Calibri; mso-hansi-font-family: Calibri; mso-bidi-font-family: Calibri;\"><span style=\"mso-list: Ignore;\">-<span style=\"font: 7.0pt \'Times New Roman\';\">&nbsp;&nbsp;&nbsp;&nbsp;&nbsp;&nbsp;&nbsp; </span></span></span><!--[endif]-->1 cuill&egrave;re &agrave; soupe de sacqu&eacute;&nbsp;;</p>\r\n<p class=\"MsoListParagraphCxSpMiddle\" style=\"text-indent: -18.0pt; mso-list: l0 level1 lfo1;\"><!-- [if !supportLists]--><span style=\"mso-ascii-font-family: Calibri; mso-fareast-font-family: Calibri; mso-hansi-font-family: Calibri; mso-bidi-font-family: Calibri;\"><span style=\"mso-list: Ignore;\">-<span style=\"font: 7.0pt \'Times New Roman\';\">&nbsp;&nbsp;&nbsp;&nbsp;&nbsp;&nbsp;&nbsp; </span></span></span><!--[endif]-->250g de raisins secs&nbsp;;</p>\r\n<p class=\"MsoListParagraphCxSpMiddle\" style=\"text-indent: -18.0pt; mso-list: l0 level1 lfo1;\"><!-- [if !supportLists]--><span style=\"mso-ascii-font-family: Calibri; mso-fareast-font-family: Calibri; mso-hansi-font-family: Calibri; mso-bidi-font-family: Calibri;\"><span style=\"mso-list: Ignore;\">-<span style=\"font: 7.0pt \'Times New Roman\';\">&nbsp;&nbsp;&nbsp;&nbsp;&nbsp;&nbsp;&nbsp; </span></span></span><!--[endif]-->500g de farine de tapioca&nbsp;;</p>\r\n<p class=\"MsoListParagraphCxSpMiddle\" style=\"text-indent: -18.0pt; mso-list: l0 level1 lfo1;\"><!-- [if !supportLists]--><span style=\"mso-ascii-font-family: Calibri; mso-fareast-font-family: Calibri; mso-hansi-font-family: Calibri; mso-bidi-font-family: Calibri;\"><span style=\"mso-list: Ignore;\">-<span style=\"font: 7.0pt \'Times New Roman\';\">&nbsp;&nbsp;&nbsp;&nbsp;&nbsp;&nbsp;&nbsp; </span></span></span><!--[endif]-->De la cannelle&nbsp;;</p>\r\n<p class=\"MsoListParagraphCxSpMiddle\" style=\"text-indent: -18.0pt; mso-list: l0 level1 lfo1;\"><!-- [if !supportLists]--><span style=\"mso-ascii-font-family: Calibri; mso-fareast-font-family: Calibri; mso-hansi-font-family: Calibri; mso-bidi-font-family: Calibri;\"><span style=\"mso-list: Ignore;\">-<span style=\"font: 7.0pt \'Times New Roman\';\">&nbsp;&nbsp;&nbsp;&nbsp;&nbsp;&nbsp;&nbsp; </span></span></span><!--[endif]-->De la citronnelle&nbsp;;</p>\r\n<p class=\"MsoListParagraphCxSpMiddle\" style=\"text-indent: -18.0pt; mso-list: l0 level1 lfo1;\"><!-- [if !supportLists]--><span style=\"mso-ascii-font-family: Calibri; mso-fareast-font-family: Calibri; mso-hansi-font-family: Calibri; mso-bidi-font-family: Calibri;\"><span style=\"mso-list: Ignore;\">-<span style=\"font: 7.0pt \'Times New Roman\';\">&nbsp;&nbsp;&nbsp;&nbsp;&nbsp;&nbsp;&nbsp; </span></span></span><!--[endif]-->200ml de lait&nbsp;;</p>\r\n<p class=\"MsoListParagraphCxSpMiddle\" style=\"text-indent: -18.0pt; mso-list: l0 level1 lfo1;\"><!-- [if !supportLists]--><span style=\"mso-ascii-font-family: Calibri; mso-fareast-font-family: Calibri; mso-hansi-font-family: Calibri; mso-bidi-font-family: Calibri;\"><span style=\"mso-list: Ignore;\">-<span style=\"font: 7.0pt \'Times New Roman\';\">&nbsp;&nbsp;&nbsp;&nbsp;&nbsp;&nbsp;&nbsp; </span></span></span><!--[endif]-->250g de beurre&nbsp;;</p>\r\n<p class=\"MsoListParagraphCxSpMiddle\" style=\"text-indent: -18.0pt; mso-list: l0 level1 lfo1;\"><!-- [if !supportLists]--><span style=\"mso-ascii-font-family: Calibri; mso-fareast-font-family: Calibri; mso-hansi-font-family: Calibri; mso-bidi-font-family: Calibri;\"><span style=\"mso-list: Ignore;\">-<span style=\"font: 7.0pt \'Times New Roman\';\">&nbsp;&nbsp;&nbsp;&nbsp;&nbsp;&nbsp;&nbsp; </span></span></span><!--[endif]-->150g de pignon de pain&nbsp;;</p>\r\n<p class=\"MsoListParagraphCxSpMiddle\" style=\"text-indent: -18.0pt; mso-list: l0 level1 lfo1;\"><!-- [if !supportLists]--><span style=\"mso-ascii-font-family: Calibri; mso-fareast-font-family: Calibri; mso-hansi-font-family: Calibri; mso-bidi-font-family: Calibri;\"><span style=\"mso-list: Ignore;\">-<span style=\"font: 7.0pt \'Times New Roman\';\">&nbsp;&nbsp;&nbsp;&nbsp;&nbsp;&nbsp;&nbsp; </span></span></span><!--[endif]-->1 litre d&rsquo;huile de s&eacute;same&nbsp;;</p>\r\n<p class=\"MsoListParagraphCxSpMiddle\" style=\"text-indent: -18.0pt; mso-list: l0 level1 lfo1;\"><!-- [if !supportLists]--><span style=\"mso-ascii-font-family: Calibri; mso-fareast-font-family: Calibri; mso-hansi-font-family: Calibri; mso-bidi-font-family: Calibri;\"><span style=\"mso-list: Ignore;\">-<span style=\"font: 7.0pt \'Times New Roman\';\">&nbsp;&nbsp;&nbsp;&nbsp;&nbsp;&nbsp;&nbsp; </span></span></span><!--[endif]-->Un bouquet de coriandre&nbsp;;</p>\r\n<p class=\"MsoListParagraphCxSpLast\" style=\"text-indent: -18.0pt; mso-list: l0 level1 lfo1;\"><!-- [if !supportLists]--><span style=\"mso-ascii-font-family: Calibri; mso-fareast-font-family: Calibri; mso-hansi-font-family: Calibri; mso-bidi-font-family: Calibri;\"><span style=\"mso-list: Ignore;\">-<span style=\"font: 7.0pt \'Times New Roman\';\">&nbsp;&nbsp;&nbsp;&nbsp;&nbsp;&nbsp;&nbsp; </span></span></span><!--[endif]-->1 verre de bi&egrave;re blonde&nbsp;;</p>\r\n<p class=\"MsoNormal\">&nbsp;</p>\r\n<p class=\"MsoNormal\">Vous l&rsquo;aurez compris, les feuilles de riz sont l&agrave; pour entourer notre recette.</p>\r\n<p class=\"MsoNormal\">La pr&eacute;paration est un petit peu longue et chaotique, MAIS le r&eacute;sultat est tellement succulent qu&rsquo;on oublie vite tout le travail &agrave; fournir.</p>\r\n<p class=\"MsoNormal\">Dans un premier temps, versez de l&rsquo;eau dans un bol, avec les raisins secs, le sacqu&eacute; et 50g de sucre roux. R&eacute;servez &agrave; temp&eacute;rature ambiante.</p>\r\n<p class=\"MsoNormal\">Dans une po&ecirc;le br&ucirc;lante, faire chauffer&nbsp;: le lait, les pignons de pains, la cannelle, la citronnelle, la coriandre et le reste du sucre roux.</p>\r\n<p class=\"MsoNormal\">Pr&eacute;parer dans un grand r&eacute;cipient la farine de tapiocas et le sucre blanc. Versez le m&eacute;lange chaud et ajoutez-y le verre de bi&egrave;re, il vous faudra m&eacute;langer vite&nbsp;: avant que le m&eacute;lange ne devienne trop p&acirc;teux, ajouter les raisins et son jus. M&eacute;langez fr&eacute;n&eacute;tiquement et ajouter peu &agrave; peu le beurre coup&eacute; en d&eacute;s. Ajoutez le miel et le soja et continuez de m&eacute;langer.</p>\r\n<p class=\"MsoNormal\">Dans une grande po&ecirc;le, faire chauffer l&rsquo;huile de s&eacute;same, et profitez-en pour rouler vos nems.</p>\r\n<p class=\"MsoNormal\">Une assiette un peu creuse, de l&rsquo;eau ti&egrave;de et on roule, on roule, on roule.</p>\r\n<p class=\"MsoNormal\">Attention &agrave; la cuisson&nbsp;: baissez le feu a temp&eacute;rature moyenne et enfournez vos nems, attention de ne pas en faire frire trop d&rsquo;un coup, car les feuilles de riz gonfleront et peuvent se coller les unes aux autres&hellip; Sortir les nems une fois que ceux-ci deviennent l&eacute;g&egrave;rement color&eacute;s sur les c&ocirc;t&eacute;s et placez-les sur une plaque recouverte de sopalin pour &eacute;ponger le reste de gras de friture. Saupoudrez de sucre glace, et d&eacute;gustez&nbsp;!</p>\r\n<p class=\"MsoNormal\">Merci Lane pour cette recette qui en plus de m&rsquo;avoir fait voyager au court de mon voyage, m&rsquo;a permis d&rsquo;aimer &agrave; nouveau les raisins secs, et ce n&rsquo;&eacute;tait gagn&eacute;&nbsp;!</p>\r\n<p class=\"MsoNormal\">&nbsp;</p>', 2, 18, '2019-02-11 15:54:20', '2019-02-11 15:54:20', 'img/uploaded_file/a507ad98d65ba45fb37ed0fcc3870046.jpg');
INSERT INTO `posts` (`id`, `title`, `content`, `id_cat`, `id_author`, `created_date`, `updated_date`, `image`) VALUES
(32, 'Les ramens surprise!!', '<p class=\"MsoNormal\">Ramen surprise&nbsp;!</p>\r\n<p class=\"MsoNormal\">&nbsp;</p>\r\n<p class=\"MsoNormal\">Qui n&rsquo;a pas r&ecirc;v&eacute; de ramen garnies&nbsp;? Un peu &agrave; l&rsquo;instar de ses cousines les raviolis, je vais vous pr&eacute;senter LA recette qui saura faire fureur aupr&egrave;s de vos invit&eacute;s.</p>\r\n<p class=\"MsoNormal\">Fan de cuisine asiatique, nous allons voir comment Pinsaveng Tong, second du Tokkio-Hotel de Singapour va ENFIN me livrer la recette qui ravie les papilles des petits et grands. Car si cette cuisine est pourvue de go&ucirc;t, elle n&rsquo;est pas tr&egrave;s piquante&hellip;</p>\r\n<p class=\"MsoNormal\">Pour r&eacute;aliser cette recette, vous aurez besoin de&nbsp;:</p>\r\n<p class=\"MsoListParagraphCxSpFirst\" style=\"text-indent: -18.0pt; mso-list: l0 level1 lfo1;\"><!-- [if !supportLists]--><span style=\"mso-ascii-font-family: Calibri; mso-fareast-font-family: Calibri; mso-hansi-font-family: Calibri; mso-bidi-font-family: Calibri;\"><span style=\"mso-list: Ignore;\">-<span style=\"font: 7.0pt \'Times New Roman\';\">&nbsp;&nbsp;&nbsp;&nbsp;&nbsp;&nbsp;&nbsp; </span></span></span><!--[endif]-->1kg de ramen &agrave; trous (que vous trouverez dans les &eacute;piceries asiatique)</p>\r\n<p class=\"MsoListParagraphCxSpMiddle\" style=\"text-indent: -18.0pt; mso-list: l0 level1 lfo1;\"><!-- [if !supportLists]--><span style=\"mso-ascii-font-family: Calibri; mso-fareast-font-family: Calibri; mso-hansi-font-family: Calibri; mso-bidi-font-family: Calibri;\"><span style=\"mso-list: Ignore;\">-<span style=\"font: 7.0pt \'Times New Roman\';\">&nbsp;&nbsp;&nbsp;&nbsp;&nbsp;&nbsp;&nbsp; </span></span></span><!--[endif]-->1 poulet, s&eacute;parer la chair de la carcasse</p>\r\n<p class=\"MsoListParagraphCxSpMiddle\" style=\"text-indent: -18.0pt; mso-list: l0 level1 lfo1;\"><!-- [if !supportLists]--><span style=\"mso-ascii-font-family: Calibri; mso-fareast-font-family: Calibri; mso-hansi-font-family: Calibri; mso-bidi-font-family: Calibri;\"><span style=\"mso-list: Ignore;\">-<span style=\"font: 7.0pt \'Times New Roman\';\">&nbsp;&nbsp;&nbsp;&nbsp;&nbsp;&nbsp;&nbsp; </span></span></span><!--[endif]-->2 oignons rouges</p>\r\n<p class=\"MsoListParagraphCxSpMiddle\" style=\"text-indent: -18.0pt; mso-list: l0 level1 lfo1;\"><!-- [if !supportLists]--><span style=\"mso-ascii-font-family: Calibri; mso-fareast-font-family: Calibri; mso-hansi-font-family: Calibri; mso-bidi-font-family: Calibri;\"><span style=\"mso-list: Ignore;\">-<span style=\"font: 7.0pt \'Times New Roman\';\">&nbsp;&nbsp;&nbsp;&nbsp;&nbsp;&nbsp;&nbsp; </span></span></span><!--[endif]-->2 b&acirc;tons de citronelle</p>\r\n<p class=\"MsoListParagraphCxSpMiddle\" style=\"text-indent: -18.0pt; mso-list: l0 level1 lfo1;\"><!-- [if !supportLists]--><span style=\"mso-ascii-font-family: Calibri; mso-fareast-font-family: Calibri; mso-hansi-font-family: Calibri; mso-bidi-font-family: Calibri;\"><span style=\"mso-list: Ignore;\">-<span style=\"font: 7.0pt \'Times New Roman\';\">&nbsp;&nbsp;&nbsp;&nbsp;&nbsp;&nbsp;&nbsp; </span></span></span><!--[endif]-->De l&rsquo;huile de s&eacute;same</p>\r\n<p class=\"MsoListParagraphCxSpMiddle\" style=\"text-indent: -18.0pt; mso-list: l0 level1 lfo1;\"><!-- [if !supportLists]--><span style=\"mso-ascii-font-family: Calibri; mso-fareast-font-family: Calibri; mso-hansi-font-family: Calibri; mso-bidi-font-family: Calibri;\"><span style=\"mso-list: Ignore;\">-<span style=\"font: 7.0pt \'Times New Roman\';\">&nbsp;&nbsp;&nbsp;&nbsp;&nbsp;&nbsp;&nbsp; </span></span></span><!--[endif]-->De l&rsquo;huile de p&eacute;pin de raisin</p>\r\n<p class=\"MsoListParagraphCxSpMiddle\" style=\"text-indent: -18.0pt; mso-list: l0 level1 lfo1;\"><!-- [if !supportLists]--><span style=\"mso-ascii-font-family: Calibri; mso-fareast-font-family: Calibri; mso-hansi-font-family: Calibri; mso-bidi-font-family: Calibri;\"><span style=\"mso-list: Ignore;\">-<span style=\"font: 7.0pt \'Times New Roman\';\">&nbsp;&nbsp;&nbsp;&nbsp;&nbsp;&nbsp;&nbsp; </span></span></span><!--[endif]-->Une botte d&rsquo;oignon nouveau</p>\r\n<p class=\"MsoListParagraphCxSpMiddle\" style=\"text-indent: -18.0pt; mso-list: l0 level1 lfo1;\"><!-- [if !supportLists]--><span style=\"mso-ascii-font-family: Calibri; mso-fareast-font-family: Calibri; mso-hansi-font-family: Calibri; mso-bidi-font-family: Calibri;\"><span style=\"mso-list: Ignore;\">-<span style=\"font: 7.0pt \'Times New Roman\';\">&nbsp;&nbsp;&nbsp;&nbsp;&nbsp;&nbsp;&nbsp; </span></span></span><!--[endif]-->Sauce soja</p>\r\n<p class=\"MsoListParagraphCxSpMiddle\" style=\"text-indent: -18.0pt; mso-list: l0 level1 lfo1;\"><!-- [if !supportLists]--><span style=\"mso-ascii-font-family: Calibri; mso-fareast-font-family: Calibri; mso-hansi-font-family: Calibri; mso-bidi-font-family: Calibri;\"><span style=\"mso-list: Ignore;\">-<span style=\"font: 7.0pt \'Times New Roman\';\">&nbsp;&nbsp;&nbsp;&nbsp;&nbsp;&nbsp;&nbsp; </span></span></span><!--[endif]-->Cannelle</p>\r\n<p class=\"MsoListParagraphCxSpMiddle\" style=\"text-indent: -18.0pt; mso-list: l0 level1 lfo1;\"><!-- [if !supportLists]--><span style=\"mso-ascii-font-family: Calibri; mso-fareast-font-family: Calibri; mso-hansi-font-family: Calibri; mso-bidi-font-family: Calibri;\"><span style=\"mso-list: Ignore;\">-<span style=\"font: 7.0pt \'Times New Roman\';\">&nbsp;&nbsp;&nbsp;&nbsp;&nbsp;&nbsp;&nbsp; </span></span></span><!--[endif]-->Gingembre</p>\r\n<p class=\"MsoListParagraphCxSpMiddle\" style=\"text-indent: -18.0pt; mso-list: l0 level1 lfo1;\"><!-- [if !supportLists]--><span style=\"mso-ascii-font-family: Calibri; mso-fareast-font-family: Calibri; mso-hansi-font-family: Calibri; mso-bidi-font-family: Calibri;\"><span style=\"mso-list: Ignore;\">-<span style=\"font: 7.0pt \'Times New Roman\';\">&nbsp;&nbsp;&nbsp;&nbsp;&nbsp;&nbsp;&nbsp; </span></span></span><!--[endif]-->Nyok nam</p>\r\n<p class=\"MsoListParagraphCxSpMiddle\" style=\"text-indent: -18.0pt; mso-list: l0 level1 lfo1;\"><!-- [if !supportLists]--><span style=\"mso-ascii-font-family: Calibri; mso-fareast-font-family: Calibri; mso-hansi-font-family: Calibri; mso-bidi-font-family: Calibri;\"><span style=\"mso-list: Ignore;\">-<span style=\"font: 7.0pt \'Times New Roman\';\">&nbsp;&nbsp;&nbsp;&nbsp;&nbsp;&nbsp;&nbsp; </span></span></span><!--[endif]-->Cacahou&egrave;te</p>\r\n<p class=\"MsoListParagraphCxSpMiddle\" style=\"text-indent: -18.0pt; mso-list: l0 level1 lfo1;\"><!-- [if !supportLists]--><span style=\"mso-ascii-font-family: Calibri; mso-fareast-font-family: Calibri; mso-hansi-font-family: Calibri; mso-bidi-font-family: Calibri;\"><span style=\"mso-list: Ignore;\">-<span style=\"font: 7.0pt \'Times New Roman\';\">&nbsp;&nbsp;&nbsp;&nbsp;&nbsp;&nbsp;&nbsp; </span></span></span><!--[endif]-->Pignon de pin</p>\r\n<p class=\"MsoListParagraphCxSpMiddle\" style=\"text-indent: -18.0pt; mso-list: l0 level1 lfo1;\"><!-- [if !supportLists]--><span style=\"mso-ascii-font-family: Calibri; mso-fareast-font-family: Calibri; mso-hansi-font-family: Calibri; mso-bidi-font-family: Calibri;\"><span style=\"mso-list: Ignore;\">-<span style=\"font: 7.0pt \'Times New Roman\';\">&nbsp;&nbsp;&nbsp;&nbsp;&nbsp;&nbsp;&nbsp; </span></span></span><!--[endif]-->100g de sucre roux</p>\r\n<p class=\"MsoListParagraphCxSpMiddle\" style=\"text-indent: -18.0pt; mso-list: l0 level1 lfo1;\"><!-- [if !supportLists]--><span style=\"mso-ascii-font-family: Calibri; mso-fareast-font-family: Calibri; mso-hansi-font-family: Calibri; mso-bidi-font-family: Calibri;\"><span style=\"mso-list: Ignore;\">-<span style=\"font: 7.0pt \'Times New Roman\';\">&nbsp;&nbsp;&nbsp;&nbsp;&nbsp;&nbsp;&nbsp; </span></span></span><!--[endif]-->Des oreilles de chauve-souris</p>\r\n<p class=\"MsoListParagraphCxSpMiddle\" style=\"text-indent: -18.0pt; mso-list: l0 level1 lfo1;\"><!-- [if !supportLists]--><span style=\"mso-ascii-font-family: Calibri; mso-fareast-font-family: Calibri; mso-hansi-font-family: Calibri; mso-bidi-font-family: Calibri;\"><span style=\"mso-list: Ignore;\">-<span style=\"font: 7.0pt \'Times New Roman\';\">&nbsp;&nbsp;&nbsp;&nbsp;&nbsp;&nbsp;&nbsp; </span></span></span><!--[endif]-->2 carottes</p>\r\n<p class=\"MsoListParagraphCxSpMiddle\" style=\"text-indent: -18.0pt; mso-list: l0 level1 lfo1;\"><!-- [if !supportLists]--><span style=\"mso-ascii-font-family: Calibri; mso-fareast-font-family: Calibri; mso-hansi-font-family: Calibri; mso-bidi-font-family: Calibri;\"><span style=\"mso-list: Ignore;\">-<span style=\"font: 7.0pt \'Times New Roman\';\">&nbsp;&nbsp;&nbsp;&nbsp;&nbsp;&nbsp;&nbsp; </span></span></span><!--[endif]-->Des pois gourmands</p>\r\n<p class=\"MsoListParagraphCxSpLast\" style=\"text-indent: -18.0pt; mso-list: l0 level1 lfo1;\"><!-- [if !supportLists]--><span style=\"mso-ascii-font-family: Calibri; mso-fareast-font-family: Calibri; mso-hansi-font-family: Calibri; mso-bidi-font-family: Calibri;\"><span style=\"mso-list: Ignore;\">-<span style=\"font: 7.0pt \'Times New Roman\';\">&nbsp;&nbsp;&nbsp;&nbsp;&nbsp;&nbsp;&nbsp; </span></span></span><!--[endif]-->Ail</p>\r\n<p class=\"MsoNormal\">Pr&eacute;parons la farce et le bouillon&nbsp;:</p>\r\n<p class=\"MsoNormal\">Le bouillon&nbsp;:</p>\r\n<p class=\"MsoNormal\">Saisir une carcasse de poule dans l&rsquo;huile de s&eacute;same afin de r&eacute;cup&eacute;rer les sucs de cuisson, ajouter les carottes en julienne, les oignons rouges le gingembre (1 pouce) la cannelle et les pois gourmands, couvrez d&rsquo;eau et ajouter la sauce soja le sucre et le niok man. Couvrez et laisser cuire &agrave; feu doux pendant environs 25 min.</p>\r\n<p class=\"MsoNormal\">&nbsp;</p>\r\n<p class=\"MsoNormal\">Mettre les ramen crues dans de l&rsquo;eau froide afin de les aider &agrave; ramollir. Egouttez-les apr&egrave;s un petit bain de 5 min.</p>\r\n<p class=\"MsoNormal\">R&eacute;cup&eacute;rer la farce de l&eacute;gumes et le poulet cru&nbsp;: mixez le tout en ajoutant la poiti&eacute; des oignons nouveaux, la moiti&eacute; des pignons de pin, la moiti&eacute; des oreilles de chauve-souris et le reste de la sauce soja avec un filet d&rsquo;huile de p&eacute;pin de raisin et le sucre. Mixez au moins 5 min afin d&rsquo;obtenir une p&acirc;te homog&egrave;ne, elle doit &ecirc;tre l&eacute;g&egrave;re et parfum&eacute;e.</p>\r\n<p class=\"MsoNormal\">Dans une poche &agrave; douille, avec un embout tr&egrave;s tr&egrave;s fin, commencez &agrave; int&eacute;grer la farce aux ramens, d&eacute;licatement.</p>\r\n<p class=\"MsoNormal\">R&eacute;cup&eacute;rer le bouillon, remettre sur le feu en ajoutant les ramens, le reste de l&rsquo;oignon nouveau cisel&eacute; tr&egrave;s finement et le reste des ingr&eacute;dients (pignon de pin ect.)</p>\r\n<p class=\"MsoNormal\">Faire chauffer &agrave; feu moyen pendant 5 min puis &agrave; feux doux pendant 12 min, servez comme une soupe, et avec les baguettes&nbsp;! N&rsquo;oubliez pas de retirer les b&acirc;tons de citronnelle, car elles sont un peu dures &agrave; manger, ici, leur seule fonction est de parfumer le bouillon&nbsp;!</p>\r\n<p class=\"MsoNormal\">Merci l&rsquo;asie pour cette belle recette originale et succulente, j&rsquo;ai h&acirc;te de repartir en Chine d&eacute;couvrir d&rsquo;autre recettes et d&rsquo;autre mani&egrave;res de cuisiner.</p>', 2, 24, '2019-02-11 15:55:39', '2019-02-11 15:55:39', 'img/uploaded_file/7693d9cf9e8c54ade7ea93db34c16980.jpg'),
(33, 'Le Massalé...', '<p class=\"MsoNormal\">Massal&eacute;&nbsp;? L&rsquo;Afrique des possibles!</p>\r\n<p class=\"MsoNormal\">Qui n&rsquo;a pas r&ecirc;v&eacute; un jour d&rsquo;&ecirc;tre le p&egrave;re no&euml;l&nbsp;? et d&rsquo;apporter cadeaux et attentions &agrave; chacun&nbsp;?</p>\r\n<p class=\"MsoNormal\">Ce n&rsquo;est pas mon cas, pour ma part, de par mes origines italienne, j&rsquo;ai toujours souhait&eacute; v&eacute;hiculer des valeurs culinaires &agrave; ceux qui m&rsquo;entourent, leur faire d&eacute;couvrir des saveurs d&rsquo;ailleurs,&nbsp;sucr&eacute;s, sal&eacute;es, ou les deux, je ne me suis mis comme objectif de cr&eacute;er des recettes en m&rsquo;inspirant des plats d&rsquo;ailleurs.</p>\r\n<p class=\"MsoNormal\">Aujourd&rsquo;hui, je vous propose de faire voile pour l&rsquo;Afrique, non, pas l&rsquo;Inde, mais bien direction l&rsquo;Afrique du Sud. Comme tout &agrave; chacun, nous savons que la route des &eacute;pices ont &eacute;t&eacute; satur&eacute;es au 18eme si&egrave;cle, faisant d&eacute;couvrir de nombreuses &eacute;pices et les faisant voyages &agrave; travers le monde.</p>\r\n<p class=\"MsoNormal\">Le Massal&eacute;, ou massala, m&eacute;lange d&rsquo;&eacute;pices originaires d&rsquo;Inde a atterri en Afrique du Sud et c&rsquo;est lors du voyage FoodMood sur le th&egrave;me &laquo;&nbsp;Safari&nbsp;&raquo; que je me suis rendu &agrave; Johannesbourg, dans le restaurant &laquo;&nbsp;Flying stars&nbsp;&raquo; &agrave; deux pas du centre &laquo;&nbsp;George Windston&nbsp;&raquo;.</p>\r\n<p class=\"MsoNormal\">Un chef &eacute;toil&eacute; nous a ouvert les portes de ses cuisines, James Windth, 29 ans, cr&eacute;tif mais bien ancr&eacute; dans ses racines sud africaines.</p>\r\n<p class=\"MsoNormal\">J&rsquo;ai eus la chance d&rsquo;avoir &eacute;t&eacute; acteur dans cette recette de l&rsquo;Autruche au massal&eacute;.</p>\r\n<p class=\"MsoNormal\">Pour ce faire, vous aurez besoin de&nbsp;:</p>\r\n<p class=\"MsoListParagraphCxSpFirst\" style=\"text-indent: -18.0pt; mso-list: l0 level1 lfo1;\"><!-- [if !supportLists]--><span style=\"mso-ascii-font-family: Calibri; mso-fareast-font-family: Calibri; mso-hansi-font-family: Calibri; mso-bidi-font-family: Calibri;\"><span style=\"mso-list: Ignore;\">-<span style=\"font: 7.0pt \'Times New Roman\';\">&nbsp;&nbsp;&nbsp;&nbsp;&nbsp;&nbsp;&nbsp; </span></span></span><!--[endif]-->Un gros steak d&rsquo;autruche</p>\r\n<p class=\"MsoListParagraphCxSpMiddle\" style=\"text-indent: -18.0pt; mso-list: l0 level1 lfo1;\"><!-- [if !supportLists]--><span style=\"mso-ascii-font-family: Calibri; mso-fareast-font-family: Calibri; mso-hansi-font-family: Calibri; mso-bidi-font-family: Calibri;\"><span style=\"mso-list: Ignore;\">-<span style=\"font: 7.0pt \'Times New Roman\';\">&nbsp;&nbsp;&nbsp;&nbsp;&nbsp;&nbsp;&nbsp; </span></span></span><!--[endif]-->4 cuill&egrave;res &agrave; soupe de massal&eacute;</p>\r\n<p class=\"MsoListParagraphCxSpMiddle\" style=\"text-indent: -18.0pt; mso-list: l0 level1 lfo1;\"><!-- [if !supportLists]--><span style=\"mso-ascii-font-family: Calibri; mso-fareast-font-family: Calibri; mso-hansi-font-family: Calibri; mso-bidi-font-family: Calibri;\"><span style=\"mso-list: Ignore;\">-<span style=\"font: 7.0pt \'Times New Roman\';\">&nbsp;&nbsp;&nbsp;&nbsp;&nbsp;&nbsp;&nbsp; </span></span></span><!--[endif]-->2 cuill&egrave;res &agrave; soupe de paprika</p>\r\n<p class=\"MsoListParagraphCxSpMiddle\" style=\"text-indent: -18.0pt; mso-list: l0 level1 lfo1;\"><!-- [if !supportLists]--><span style=\"mso-ascii-font-family: Calibri; mso-fareast-font-family: Calibri; mso-hansi-font-family: Calibri; mso-bidi-font-family: Calibri;\"><span style=\"mso-list: Ignore;\">-<span style=\"font: 7.0pt \'Times New Roman\';\">&nbsp;&nbsp;&nbsp;&nbsp;&nbsp;&nbsp;&nbsp; </span></span></span><!--[endif]-->2 anis &eacute;toil&eacute;s</p>\r\n<p class=\"MsoListParagraphCxSpMiddle\" style=\"text-indent: -18.0pt; mso-list: l0 level1 lfo1;\"><!-- [if !supportLists]--><span style=\"mso-ascii-font-family: Calibri; mso-fareast-font-family: Calibri; mso-hansi-font-family: Calibri; mso-bidi-font-family: Calibri;\"><span style=\"mso-list: Ignore;\">-<span style=\"font: 7.0pt \'Times New Roman\';\">&nbsp;&nbsp;&nbsp;&nbsp;&nbsp;&nbsp;&nbsp; </span></span></span><!--[endif]-->2 cuill&egrave;res &agrave; soupe de vinaigre de x&eacute;r&egrave;s</p>\r\n<p class=\"MsoListParagraphCxSpMiddle\" style=\"text-indent: -18.0pt; mso-list: l0 level1 lfo1;\"><!-- [if !supportLists]--><span style=\"mso-ascii-font-family: Calibri; mso-fareast-font-family: Calibri; mso-hansi-font-family: Calibri; mso-bidi-font-family: Calibri;\"><span style=\"mso-list: Ignore;\">-<span style=\"font: 7.0pt \'Times New Roman\';\">&nbsp;&nbsp;&nbsp;&nbsp;&nbsp;&nbsp;&nbsp; </span></span></span><!--[endif]-->8g de safran</p>\r\n<p class=\"MsoListParagraphCxSpMiddle\" style=\"text-indent: -18.0pt; mso-list: l0 level1 lfo1;\"><!-- [if !supportLists]--><span style=\"mso-ascii-font-family: Calibri; mso-fareast-font-family: Calibri; mso-hansi-font-family: Calibri; mso-bidi-font-family: Calibri;\"><span style=\"mso-list: Ignore;\">-<span style=\"font: 7.0pt \'Times New Roman\';\">&nbsp;&nbsp;&nbsp;&nbsp;&nbsp;&nbsp;&nbsp; </span></span></span><!--[endif]-->50g de sucre blanc</p>\r\n<p class=\"MsoListParagraphCxSpMiddle\" style=\"text-indent: -18.0pt; mso-list: l0 level1 lfo1;\"><!-- [if !supportLists]--><span style=\"mso-ascii-font-family: Calibri; mso-fareast-font-family: Calibri; mso-hansi-font-family: Calibri; mso-bidi-font-family: Calibri;\"><span style=\"mso-list: Ignore;\">-<span style=\"font: 7.0pt \'Times New Roman\';\">&nbsp;&nbsp;&nbsp;&nbsp;&nbsp;&nbsp;&nbsp; </span></span></span><!--[endif]-->60cl de jus de goyave</p>\r\n<p class=\"MsoListParagraphCxSpMiddle\" style=\"text-indent: -18.0pt; mso-list: l0 level1 lfo1;\"><!-- [if !supportLists]--><span style=\"mso-ascii-font-family: Calibri; mso-fareast-font-family: Calibri; mso-hansi-font-family: Calibri; mso-bidi-font-family: Calibri;\"><span style=\"mso-list: Ignore;\">-<span style=\"font: 7.0pt \'Times New Roman\';\">&nbsp;&nbsp;&nbsp;&nbsp;&nbsp;&nbsp;&nbsp; </span></span></span><!--[endif]-->2 cuill&egrave;re &agrave; caf&eacute;<span style=\"mso-spacerun: yes;\">&nbsp; </span>de fenugrec</p>\r\n<p class=\"MsoListParagraphCxSpMiddle\" style=\"text-indent: -18.0pt; mso-list: l0 level1 lfo1;\"><!-- [if !supportLists]--><span style=\"mso-ascii-font-family: Calibri; mso-fareast-font-family: Calibri; mso-hansi-font-family: Calibri; mso-bidi-font-family: Calibri;\"><span style=\"mso-list: Ignore;\">-<span style=\"font: 7.0pt \'Times New Roman\';\">&nbsp;&nbsp;&nbsp;&nbsp;&nbsp;&nbsp;&nbsp; </span></span></span><!--[endif]-->Sel</p>\r\n<p class=\"MsoListParagraphCxSpMiddle\" style=\"text-indent: -18.0pt; mso-list: l0 level1 lfo1;\"><!-- [if !supportLists]--><span style=\"mso-ascii-font-family: Calibri; mso-fareast-font-family: Calibri; mso-hansi-font-family: Calibri; mso-bidi-font-family: Calibri;\"><span style=\"mso-list: Ignore;\">-<span style=\"font: 7.0pt \'Times New Roman\';\">&nbsp;&nbsp;&nbsp;&nbsp;&nbsp;&nbsp;&nbsp; </span></span></span><!--[endif]-->Poivre</p>\r\n<p class=\"MsoListParagraphCxSpMiddle\" style=\"text-indent: -18.0pt; mso-list: l0 level1 lfo1;\"><!-- [if !supportLists]--><span style=\"mso-ascii-font-family: Calibri; mso-fareast-font-family: Calibri; mso-hansi-font-family: Calibri; mso-bidi-font-family: Calibri;\"><span style=\"mso-list: Ignore;\">-<span style=\"font: 7.0pt \'Times New Roman\';\">&nbsp;&nbsp;&nbsp;&nbsp;&nbsp;&nbsp;&nbsp; </span></span></span><!--[endif]-->1 &oelig;uf</p>\r\n<p class=\"MsoListParagraphCxSpMiddle\" style=\"text-indent: -18.0pt; mso-list: l0 level1 lfo1;\"><!-- [if !supportLists]--><span style=\"mso-ascii-font-family: Calibri; mso-fareast-font-family: Calibri; mso-hansi-font-family: Calibri; mso-bidi-font-family: Calibri;\"><span style=\"mso-list: Ignore;\">-<span style=\"font: 7.0pt \'Times New Roman\';\">&nbsp;&nbsp;&nbsp;&nbsp;&nbsp;&nbsp;&nbsp; </span></span></span><!--[endif]-->100g de beurre</p>\r\n<p class=\"MsoListParagraphCxSpLast\" style=\"text-indent: -18.0pt; mso-list: l0 level1 lfo1;\"><!-- [if !supportLists]--><span style=\"mso-ascii-font-family: Calibri; mso-fareast-font-family: Calibri; mso-hansi-font-family: Calibri; mso-bidi-font-family: Calibri;\"><span style=\"mso-list: Ignore;\">-<span style=\"font: 7.0pt \'Times New Roman\';\">&nbsp;&nbsp;&nbsp;&nbsp;&nbsp;&nbsp;&nbsp; </span></span></span><!--[endif]-->Le zeste d&rsquo;un citron vert</p>\r\n<p class=\"MsoNormal\">&nbsp;</p>\r\n<p class=\"MsoNormal\">&nbsp;</p>\r\n<p class=\"MsoNormal\">&nbsp;</p>\r\n<p class=\"MsoNormal\">Dans un premier temps, il faut donner un bain &agrave; votre autruche&nbsp;: en utilisant &frac14; d&rsquo;eau, 2/4 de jus de goyave et &frac14; de bi&egrave;re brune, auxquelles vont s&rsquo;ajouter les &eacute;pices sauf le safran.</p>\r\n<p class=\"MsoNormal\">Laissez reposer environs 1h, &agrave; temp&eacute;rature ambiante afin que la viande s&rsquo;attendrisse et qu&rsquo;elle soit nourrie des &eacute;pices utilis&eacute;es.</p>\r\n<p class=\"MsoNormal\">Pendant ce temps, nous allons r&eacute;aliser les frites de manioc&nbsp;:</p>\r\n<p class=\"MsoNormal\">&nbsp;</p>\r\n<p class=\"MsoNormal\">M&eacute;langer la farine et les grumeaux de manioc avec un peu de sel et 50g de sucre blanc. M&eacute;langez au robot si possible en ajoutant peu &agrave; peu les zestes de citron et le safran et versez peu &agrave; peu l&rsquo;&oelig;uf battu et le beurre fondu.</p>\r\n<p class=\"MsoNormal\">Une fois la p&acirc;te bien homog&egrave;ne, couvrez-la et r&eacute;servez au frais.</p>\r\n<p class=\"MsoNormal\">Revenons &agrave; notre Autruche&nbsp;: sortez-l&agrave; se son bain, et laissez &eacute;goutter sur une grille afin que la viande soit d&eacute;barrass&eacute; de tout liquide.</p>\r\n<p class=\"MsoNormal\">Dans une po&ecirc;le chaude, graiss&eacute;e avec du &laquo;&nbsp;panou&nbsp;&raquo;, qui est la graisse de canard iod&eacute;e, saisir l&rsquo;autruche des deux c&ocirc;t&eacute;s, 8 min environs de chaque c&ocirc;t&eacute; et ajouter la moiti&eacute; de la pr&eacute;paration &eacute;pic&eacute;e. Laissez r&eacute;duire 15min &agrave; feu vif avant d&rsquo;enfourner le tout a 160 degr&eacute;s au four 20 minutes.</p>\r\n<p class=\"MsoNormal\">&nbsp;</p>\r\n<p class=\"MsoNormal\">Sortez la p&acirc;te &agrave; frites, &eacute;talez-la sur une plaque et aplatir sur 1.5cm environs.</p>\r\n<p class=\"MsoNormal\">Couper des frites de 7 cm et roulez-les dans la farine de ma&iuml;s.</p>\r\n<p class=\"MsoNormal\">Faites-les frire &agrave; 180 degr&eacute;s une bonne dizaine de minutes, &eacute;gouttez-les afin d&rsquo;enlever le surplus de gras.</p>\r\n<p class=\"MsoNormal\">Sortir l&rsquo;autruche, d&eacute;coupez dans le sens de la longueur et placez-la joliment dans une assiette, salez, poivrez. Ajouter les frites et dans un petit r&eacute;cipient, versez la sauce qui accompagnait l&rsquo;autruche.</p>\r\n<p class=\"MsoNormal\">Servez et savourez cette recette de l&rsquo;autruche au massal&eacute;, un r&eacute;gal&nbsp;!</p>', 4, 18, '2019-02-11 15:59:17', '2019-02-11 15:59:17', 'img/uploaded_file/de7f85d93825537c819a35176c090158.jpg');
COMMIT;
